array_type	array_size	frequency	cpu_cores	elapsed_time
expt_seq	10	1.6GHz	1	0.035063
expt_seq	10	1.6GHz	1	0.037348
expt_seq	10	1.6GHz	1	0.037349
expt_seq	10	1.6GHz	1	0.035917
expt_seq	10	1.6GHz	1	0.037465
expt_seq	10	1.6GHz	2	0.02079
expt_seq	10	1.6GHz	2	0.019516
expt_seq	10	1.6GHz	2	0.019425
expt_seq	10	1.6GHz	2	0.019459
expt_seq	10	1.6GHz	2	0.020711
expt_seq	10	1.6GHz	3	0.023443
expt_seq	10	1.6GHz	3	0.019681
expt_seq	10	1.6GHz	3	0.019733
expt_seq	10	1.6GHz	3	0.020644
expt_seq	10	1.6GHz	3	0.019353
expt_seq	10	1.6GHz	4	0.022589
expt_seq	10	1.6GHz	4	0.021859
expt_seq	10	1.6GHz	4	0.019403
expt_seq	10	1.6GHz	4	0.01949
expt_seq	10	1.6GHz	4	0.019561
expt_seq	10	1.6GHz	5	0.019082
expt_seq	10	1.6GHz	5	0.019222
expt_seq	10	1.6GHz	5	0.019167
expt_seq	10	1.6GHz	5	0.019177
expt_seq	10	1.6GHz	5	0.019225
expt_seq	10	1.6GHz	6	0.011289
expt_seq	10	1.6GHz	6	0.011407
expt_seq	10	1.6GHz	6	0.012685
expt_seq	10	1.6GHz	6	0.010231
expt_seq	10	1.6GHz	6	0.01022
expt_seq	10	1.6GHz	7	0.011269
expt_seq	10	1.6GHz	7	0.010714
expt_seq	10	1.6GHz	7	0.011246
expt_seq	10	1.6GHz	7	0.010936
expt_seq	10	1.6GHz	7	0.010207
expt_seq	10	1.6GHz	8	0.011019
expt_seq	10	1.6GHz	8	0.011306
expt_seq	10	1.6GHz	8	0.012683
expt_seq	10	1.6GHz	8	0.010295
expt_seq	10	1.6GHz	8	0.011227
expt_seq	10	1.8GHz	1	0.037389
expt_seq	10	1.8GHz	1	0.037352
expt_seq	10	1.8GHz	1	0.037259
expt_seq	10	1.8GHz	1	0.037693
expt_seq	10	1.8GHz	1	0.037493
expt_seq	10	1.8GHz	2	0.019493
expt_seq	10	1.8GHz	2	0.021093
expt_seq	10	1.8GHz	2	0.021313
expt_seq	10	1.8GHz	2	0.019564
expt_seq	10	1.8GHz	2	0.020874
expt_seq	10	1.8GHz	3	0.02063
expt_seq	10	1.8GHz	3	0.020924
expt_seq	10	1.8GHz	3	0.019322
expt_seq	10	1.8GHz	3	0.019458
expt_seq	10	1.8GHz	3	0.020534
expt_seq	10	1.8GHz	4	0.0197
expt_seq	10	1.8GHz	4	0.019468
expt_seq	10	1.8GHz	4	0.023656
expt_seq	10	1.8GHz	4	0.019572
expt_seq	10	1.8GHz	4	0.019304
expt_seq	10	1.8GHz	5	0.019073
expt_seq	10	1.8GHz	5	0.019342
expt_seq	10	1.8GHz	5	0.019281
expt_seq	10	1.8GHz	5	0.019014
expt_seq	10	1.8GHz	5	0.018932
expt_seq	10	1.8GHz	6	0.011147
expt_seq	10	1.8GHz	6	0.011673
expt_seq	10	1.8GHz	6	0.01127
expt_seq	10	1.8GHz	6	0.012777
expt_seq	10	1.8GHz	6	0.012096
expt_seq	10	1.8GHz	7	0.011867
expt_seq	10	1.8GHz	7	0.010927
expt_seq	10	1.8GHz	7	0.010093
expt_seq	10	1.8GHz	7	0.010782
expt_seq	10	1.8GHz	7	0.01105
expt_seq	10	1.8GHz	8	0.011185
expt_seq	10	1.8GHz	8	0.011025
expt_seq	10	1.8GHz	8	0.01176
expt_seq	10	1.8GHz	8	0.011237
expt_seq	10	1.8GHz	8	0.012326
expt_seq	100	1.6GHz	1	0.04076
expt_seq	100	1.6GHz	1	0.041615
expt_seq	100	1.6GHz	1	0.041696
expt_seq	100	1.6GHz	1	0.041767
expt_seq	100	1.6GHz	1	0.041602
expt_seq	100	1.6GHz	2	0.022166
expt_seq	100	1.6GHz	2	0.023704
expt_seq	100	1.6GHz	2	0.022248
expt_seq	100	1.6GHz	2	0.022418
expt_seq	100	1.6GHz	2	0.023642
expt_seq	100	1.6GHz	3	0.022087
expt_seq	100	1.6GHz	3	0.021835
expt_seq	100	1.6GHz	3	0.021903
expt_seq	100	1.6GHz	3	0.026592
expt_seq	100	1.6GHz	3	0.021832
expt_seq	100	1.6GHz	4	0.021489
expt_seq	100	1.6GHz	4	0.022592
expt_seq	100	1.6GHz	4	0.022929
expt_seq	100	1.6GHz	4	0.022856
expt_seq	100	1.6GHz	4	0.028344
expt_seq	100	1.6GHz	5	0.021021
expt_seq	100	1.6GHz	5	0.02053
expt_seq	100	1.6GHz	5	0.019845
expt_seq	100	1.6GHz	5	0.020688
expt_seq	100	1.6GHz	5	0.023398
expt_seq	100	1.6GHz	6	0.015119
expt_seq	100	1.6GHz	6	0.013086
expt_seq	100	1.6GHz	6	0.013389
expt_seq	100	1.6GHz	6	0.01511
expt_seq	100	1.6GHz	6	0.012925
expt_seq	100	1.6GHz	7	0.012822
expt_seq	100	1.6GHz	7	0.011636
expt_seq	100	1.6GHz	7	0.011724
expt_seq	100	1.6GHz	7	0.012372
expt_seq	100	1.6GHz	7	0.013204
expt_seq	100	1.6GHz	8	0.01306
expt_seq	100	1.6GHz	8	0.012026
expt_seq	100	1.6GHz	8	0.012938
expt_seq	100	1.6GHz	8	0.012221
expt_seq	100	1.6GHz	8	0.013143
expt_seq	100	1.8GHz	1	0.041632
expt_seq	100	1.8GHz	1	0.0416
expt_seq	100	1.8GHz	1	0.042433
expt_seq	100	1.8GHz	1	0.041605
expt_seq	100	1.8GHz	1	0.041581
expt_seq	100	1.8GHz	2	0.022533
expt_seq	100	1.8GHz	2	0.022202
expt_seq	100	1.8GHz	2	0.022325
expt_seq	100	1.8GHz	2	0.023844
expt_seq	100	1.8GHz	2	0.02369
expt_seq	100	1.8GHz	3	0.022297
expt_seq	100	1.8GHz	3	0.026135
expt_seq	100	1.8GHz	3	0.023825
expt_seq	100	1.8GHz	3	0.025441
expt_seq	100	1.8GHz	3	0.02234
expt_seq	100	1.8GHz	4	0.021466
expt_seq	100	1.8GHz	4	0.022278
expt_seq	100	1.8GHz	4	0.021752
expt_seq	100	1.8GHz	4	0.021709
expt_seq	100	1.8GHz	4	0.022162
expt_seq	100	1.8GHz	5	0.021009
expt_seq	100	1.8GHz	5	0.022685
expt_seq	100	1.8GHz	5	0.021579
expt_seq	100	1.8GHz	5	0.022039
expt_seq	100	1.8GHz	5	0.021906
expt_seq	100	1.8GHz	6	0.013815
expt_seq	100	1.8GHz	6	0.013191
expt_seq	100	1.8GHz	6	0.013458
expt_seq	100	1.8GHz	6	0.01455
expt_seq	100	1.8GHz	6	0.016152
expt_seq	100	1.8GHz	7	0.012298
expt_seq	100	1.8GHz	7	0.013187
expt_seq	100	1.8GHz	7	0.011827
expt_seq	100	1.8GHz	7	0.01334
expt_seq	100	1.8GHz	7	0.012921
expt_seq	100	1.8GHz	8	0.012284
expt_seq	100	1.8GHz	8	0.013223
expt_seq	100	1.8GHz	8	0.013236
expt_seq	100	1.8GHz	8	0.013615
expt_seq	100	1.8GHz	8	0.013157
expt_seq	1000	1.6GHz	1	0.088234
expt_seq	1000	1.6GHz	1	0.088447
expt_seq	1000	1.6GHz	1	0.087877
expt_seq	1000	1.6GHz	1	0.087877
expt_seq	1000	1.6GHz	1	0.088273
expt_seq	1000	1.6GHz	2	0.049763
expt_seq	1000	1.6GHz	2	0.047567
expt_seq	1000	1.6GHz	2	0.047924
expt_seq	1000	1.6GHz	2	0.048583
expt_seq	1000	1.6GHz	2	0.047954
expt_seq	1000	1.6GHz	3	0.041274
expt_seq	1000	1.6GHz	3	0.040331
expt_seq	1000	1.6GHz	3	0.040341
expt_seq	1000	1.6GHz	3	0.039894
expt_seq	1000	1.6GHz	3	0.040141
expt_seq	1000	1.6GHz	4	0.035632
expt_seq	1000	1.6GHz	4	0.035913
expt_seq	1000	1.6GHz	4	0.036866
expt_seq	1000	1.6GHz	4	0.035957
expt_seq	1000	1.6GHz	4	0.035819
expt_seq	1000	1.6GHz	5	0.032244
expt_seq	1000	1.6GHz	5	0.032293
expt_seq	1000	1.6GHz	5	0.034026
expt_seq	1000	1.6GHz	5	0.032083
expt_seq	1000	1.6GHz	5	0.032032
expt_seq	1000	1.6GHz	6	0.027327
expt_seq	1000	1.6GHz	6	0.027108
expt_seq	1000	1.6GHz	6	0.028581
expt_seq	1000	1.6GHz	6	0.027143
expt_seq	1000	1.6GHz	6	0.028229
expt_seq	1000	1.6GHz	7	0.025515
expt_seq	1000	1.6GHz	7	0.025765
expt_seq	1000	1.6GHz	7	0.024251
expt_seq	1000	1.6GHz	7	0.025433
expt_seq	1000	1.6GHz	7	0.027295
expt_seq	1000	1.6GHz	8	0.028776
expt_seq	1000	1.6GHz	8	0.027228
expt_seq	1000	1.6GHz	8	0.034162
expt_seq	1000	1.6GHz	8	0.029032
expt_seq	1000	1.6GHz	8	0.03144
expt_seq	1000	1.8GHz	1	0.087819
expt_seq	1000	1.8GHz	1	0.087956
expt_seq	1000	1.8GHz	1	0.088231
expt_seq	1000	1.8GHz	1	0.088244
expt_seq	1000	1.8GHz	1	0.088409
expt_seq	1000	1.8GHz	2	0.047264
expt_seq	1000	1.8GHz	2	0.047282
expt_seq	1000	1.8GHz	2	0.049314
expt_seq	1000	1.8GHz	2	0.04966
expt_seq	1000	1.8GHz	2	0.049177
expt_seq	1000	1.8GHz	3	0.040193
expt_seq	1000	1.8GHz	3	0.045623
expt_seq	1000	1.8GHz	3	0.040373
expt_seq	1000	1.8GHz	3	0.039532
expt_seq	1000	1.8GHz	3	0.048341
expt_seq	1000	1.8GHz	4	0.035543
expt_seq	1000	1.8GHz	4	0.038751
expt_seq	1000	1.8GHz	4	0.035625
expt_seq	1000	1.8GHz	4	0.037164
expt_seq	1000	1.8GHz	4	0.037458
expt_seq	1000	1.8GHz	5	0.033773
expt_seq	1000	1.8GHz	5	0.033386
expt_seq	1000	1.8GHz	5	0.033275
expt_seq	1000	1.8GHz	5	0.034064
expt_seq	1000	1.8GHz	5	0.03391
expt_seq	1000	1.8GHz	6	0.028888
expt_seq	1000	1.8GHz	6	0.030509
expt_seq	1000	1.8GHz	6	0.032098
expt_seq	1000	1.8GHz	6	0.023774
expt_seq	1000	1.8GHz	6	0.025904
expt_seq	1000	1.8GHz	7	0.031694
expt_seq	1000	1.8GHz	7	0.032184
expt_seq	1000	1.8GHz	7	0.028612
expt_seq	1000	1.8GHz	7	0.026375
expt_seq	1000	1.8GHz	7	0.023889
expt_seq	1000	1.8GHz	8	0.028462
expt_seq	1000	1.8GHz	8	0.032663
expt_seq	1000	1.8GHz	8	0.027099
expt_seq	1000	1.8GHz	8	0.026901
expt_seq	1000	1.8GHz	8	0.030446
expt_seq	10000	1.6GHz	1	0.615768
expt_seq	10000	1.6GHz	1	0.616106
expt_seq	10000	1.6GHz	1	0.619059
expt_seq	10000	1.6GHz	1	0.614352
expt_seq	10000	1.6GHz	1	0.617416
expt_seq	10000	1.6GHz	2	0.330558
expt_seq	10000	1.6GHz	2	0.322952
expt_seq	10000	1.6GHz	2	0.329201
expt_seq	10000	1.6GHz	2	0.325418
expt_seq	10000	1.6GHz	2	0.328045
expt_seq	10000	1.6GHz	3	0.239827
expt_seq	10000	1.6GHz	3	0.236608
expt_seq	10000	1.6GHz	3	0.235337
expt_seq	10000	1.6GHz	3	0.23409
expt_seq	10000	1.6GHz	3	0.239215
expt_seq	10000	1.6GHz	4	0.191984
expt_seq	10000	1.6GHz	4	0.205952
expt_seq	10000	1.6GHz	4	0.195244
expt_seq	10000	1.6GHz	4	0.193412
expt_seq	10000	1.6GHz	4	0.194859
expt_seq	10000	1.6GHz	5	0.13661
expt_seq	10000	1.6GHz	5	0.140978
expt_seq	10000	1.6GHz	5	0.137455
expt_seq	10000	1.6GHz	5	0.133869
expt_seq	10000	1.6GHz	5	0.132907
expt_seq	10000	1.6GHz	6	0.114738
expt_seq	10000	1.6GHz	6	0.115468
expt_seq	10000	1.6GHz	6	0.126903
expt_seq	10000	1.6GHz	6	0.114972
expt_seq	10000	1.6GHz	6	0.117644
expt_seq	10000	1.6GHz	7	0.108214
expt_seq	10000	1.6GHz	7	0.118944
expt_seq	10000	1.6GHz	7	0.112612
expt_seq	10000	1.6GHz	7	0.108751
expt_seq	10000	1.6GHz	7	0.106274
expt_seq	10000	1.6GHz	8	0.121179
expt_seq	10000	1.6GHz	8	0.139575
expt_seq	10000	1.6GHz	8	0.127475
expt_seq	10000	1.6GHz	8	0.134843
expt_seq	10000	1.6GHz	8	0.121882
expt_seq	10000	1.8GHz	1	0.616831
expt_seq	10000	1.8GHz	1	0.614627
expt_seq	10000	1.8GHz	1	0.611622
expt_seq	10000	1.8GHz	1	0.612345
expt_seq	10000	1.8GHz	1	0.614909
expt_seq	10000	1.8GHz	2	0.319519
expt_seq	10000	1.8GHz	2	0.326948
expt_seq	10000	1.8GHz	2	0.328596
expt_seq	10000	1.8GHz	2	0.325117
expt_seq	10000	1.8GHz	2	0.331314
expt_seq	10000	1.8GHz	3	0.235853
expt_seq	10000	1.8GHz	3	0.236762
expt_seq	10000	1.8GHz	3	0.233844
expt_seq	10000	1.8GHz	3	0.235679
expt_seq	10000	1.8GHz	3	0.233806
expt_seq	10000	1.8GHz	4	0.190396
expt_seq	10000	1.8GHz	4	0.191567
expt_seq	10000	1.8GHz	4	0.193943
expt_seq	10000	1.8GHz	4	0.191664
expt_seq	10000	1.8GHz	4	0.198307
expt_seq	10000	1.8GHz	5	0.14276
expt_seq	10000	1.8GHz	5	0.140453
expt_seq	10000	1.8GHz	5	0.134776
expt_seq	10000	1.8GHz	5	0.149665
expt_seq	10000	1.8GHz	5	0.136673
expt_seq	10000	1.8GHz	6	0.121107
expt_seq	10000	1.8GHz	6	0.119378
expt_seq	10000	1.8GHz	6	0.121805
expt_seq	10000	1.8GHz	6	0.119439
expt_seq	10000	1.8GHz	6	0.125674
expt_seq	10000	1.8GHz	7	0.111306
expt_seq	10000	1.8GHz	7	0.108301
expt_seq	10000	1.8GHz	7	0.108774
expt_seq	10000	1.8GHz	7	0.107225
expt_seq	10000	1.8GHz	7	0.109187
expt_seq	10000	1.8GHz	8	0.135575
expt_seq	10000	1.8GHz	8	0.124578
expt_seq	10000	1.8GHz	8	0.135167
expt_seq	10000	1.8GHz	8	0.123276
expt_seq	10000	1.8GHz	8	0.125371
expt_seq	100000	1.6GHz	1	6.183403
expt_seq	100000	1.6GHz	1	6.191769
expt_seq	100000	1.6GHz	1	6.169529
expt_seq	100000	1.6GHz	1	6.187729
expt_seq	100000	1.6GHz	1	6.178229
expt_seq	100000	1.6GHz	2	3.440205
expt_seq	100000	1.6GHz	2	3.413651
expt_seq	100000	1.6GHz	2	3.418929
expt_seq	100000	1.6GHz	2	3.426264
expt_seq	100000	1.6GHz	2	3.414896
expt_seq	100000	1.6GHz	3	2.449817
expt_seq	100000	1.6GHz	3	2.481553
expt_seq	100000	1.6GHz	3	2.46952
expt_seq	100000	1.6GHz	3	2.478183
expt_seq	100000	1.6GHz	3	2.465355
expt_seq	100000	1.6GHz	4	2.012378
expt_seq	100000	1.6GHz	4	1.999077
expt_seq	100000	1.6GHz	4	2.016371
expt_seq	100000	1.6GHz	4	1.978096
expt_seq	100000	1.6GHz	4	1.997832
expt_seq	100000	1.6GHz	5	1.478175
expt_seq	100000	1.6GHz	5	1.460105
expt_seq	100000	1.6GHz	5	1.325192
expt_seq	100000	1.6GHz	5	1.338014
expt_seq	100000	1.6GHz	5	1.415296
expt_seq	100000	1.6GHz	6	1.06899
expt_seq	100000	1.6GHz	6	1.097123
expt_seq	100000	1.6GHz	6	1.061846
expt_seq	100000	1.6GHz	6	1.060599
expt_seq	100000	1.6GHz	6	1.067324
expt_seq	100000	1.6GHz	7	1.125132
expt_seq	100000	1.6GHz	7	1.112207
expt_seq	100000	1.6GHz	7	0.948138
expt_seq	100000	1.6GHz	7	0.939057
expt_seq	100000	1.6GHz	7	0.942486
expt_seq	100000	1.6GHz	8	0.950999
expt_seq	100000	1.6GHz	8	0.970088
expt_seq	100000	1.6GHz	8	0.973682
expt_seq	100000	1.6GHz	8	0.98436
expt_seq	100000	1.6GHz	8	0.971481
expt_seq	100000	1.8GHz	1	6.215207
expt_seq	100000	1.8GHz	1	6.176562
expt_seq	100000	1.8GHz	1	6.193333
expt_seq	100000	1.8GHz	1	6.182325
expt_seq	100000	1.8GHz	1	6.1838
expt_seq	100000	1.8GHz	2	3.439283
expt_seq	100000	1.8GHz	2	3.425154
expt_seq	100000	1.8GHz	2	3.421298
expt_seq	100000	1.8GHz	2	3.421308
expt_seq	100000	1.8GHz	2	3.420162
expt_seq	100000	1.8GHz	3	2.473532
expt_seq	100000	1.8GHz	3	2.462578
expt_seq	100000	1.8GHz	3	2.459137
expt_seq	100000	1.8GHz	3	2.492353
expt_seq	100000	1.8GHz	3	2.47038
expt_seq	100000	1.8GHz	4	2.017549
expt_seq	100000	1.8GHz	4	2.012519
expt_seq	100000	1.8GHz	4	2.004542
expt_seq	100000	1.8GHz	4	1.971538
expt_seq	100000	1.8GHz	4	1.986205
expt_seq	100000	1.8GHz	5	1.330002
expt_seq	100000	1.8GHz	5	1.433573
expt_seq	100000	1.8GHz	5	1.414261
expt_seq	100000	1.8GHz	5	1.315041
expt_seq	100000	1.8GHz	5	1.379569
expt_seq	100000	1.8GHz	6	1.172834
expt_seq	100000	1.8GHz	6	1.092245
expt_seq	100000	1.8GHz	6	1.054902
expt_seq	100000	1.8GHz	6	1.066439
expt_seq	100000	1.8GHz	6	1.082179
expt_seq	100000	1.8GHz	7	0.92581
expt_seq	100000	1.8GHz	7	0.918585
expt_seq	100000	1.8GHz	7	0.934595
expt_seq	100000	1.8GHz	7	0.937387
expt_seq	100000	1.8GHz	7	0.938612
expt_seq	100000	1.8GHz	8	0.993525
expt_seq	100000	1.8GHz	8	0.975424
expt_seq	100000	1.8GHz	8	0.989944
expt_seq	100000	1.8GHz	8	0.955244
expt_seq	100000	1.8GHz	8	0.997481
expt_seq	1000000	1.6GHz	1	65.764133
expt_seq	1000000	1.6GHz	1	65.785661
expt_seq	1000000	1.6GHz	1	66.032066
expt_seq	1000000	1.6GHz	1	65.796722
expt_seq	1000000	1.6GHz	1	65.651284
expt_seq	1000000	1.6GHz	2	35.858087
expt_seq	1000000	1.6GHz	2	36.048963
expt_seq	1000000	1.6GHz	2	35.537919
expt_seq	1000000	1.6GHz	2	35.847096
expt_seq	1000000	1.6GHz	2	35.783661
expt_seq	1000000	1.6GHz	3	25.333242
expt_seq	1000000	1.6GHz	3	25.62924
expt_seq	1000000	1.6GHz	3	25.668072
expt_seq	1000000	1.6GHz	3	26.022082
expt_seq	1000000	1.6GHz	3	25.87636
expt_seq	1000000	1.6GHz	4	20.44887
expt_seq	1000000	1.6GHz	4	20.546482
expt_seq	1000000	1.6GHz	4	20.593989
expt_seq	1000000	1.6GHz	4	20.29004
expt_seq	1000000	1.6GHz	4	20.643972
expt_seq	1000000	1.6GHz	5	14.021976
expt_seq	1000000	1.6GHz	5	14.038745
expt_seq	1000000	1.6GHz	5	13.922852
expt_seq	1000000	1.6GHz	5	13.783688
expt_seq	1000000	1.6GHz	5	14.158343
expt_seq	1000000	1.6GHz	6	11.038712
expt_seq	1000000	1.6GHz	6	10.61533
expt_seq	1000000	1.6GHz	6	10.83423
expt_seq	1000000	1.6GHz	6	10.937739
expt_seq	1000000	1.6GHz	6	10.552269
expt_seq	1000000	1.6GHz	7	9.564007
expt_seq	1000000	1.6GHz	7	9.53597
expt_seq	1000000	1.6GHz	7	9.222154
expt_seq	1000000	1.6GHz	7	9.230908
expt_seq	1000000	1.6GHz	7	9.314136
expt_seq	1000000	1.6GHz	8	9.470133
expt_seq	1000000	1.6GHz	8	9.901927
expt_seq	1000000	1.6GHz	8	9.488301
expt_seq	1000000	1.6GHz	8	9.45994
expt_seq	1000000	1.6GHz	8	9.449655
expt_seq	1000000	1.8GHz	1	65.8554
expt_seq	1000000	1.8GHz	1	65.697637
expt_seq	1000000	1.8GHz	1	65.843259
expt_seq	1000000	1.8GHz	1	65.787153
expt_seq	1000000	1.8GHz	1	65.81382
expt_seq	1000000	1.8GHz	2	35.816105
expt_seq	1000000	1.8GHz	2	35.952469
expt_seq	1000000	1.8GHz	2	35.745625
expt_seq	1000000	1.8GHz	2	35.906696
expt_seq	1000000	1.8GHz	2	35.599911
expt_seq	1000000	1.8GHz	3	25.664557
expt_seq	1000000	1.8GHz	3	25.615027
expt_seq	1000000	1.8GHz	3	25.842981
expt_seq	1000000	1.8GHz	3	25.3786
expt_seq	1000000	1.8GHz	3	25.651123
expt_seq	1000000	1.8GHz	4	21.062875
expt_seq	1000000	1.8GHz	4	21.013764
expt_seq	1000000	1.8GHz	4	20.771239
expt_seq	1000000	1.8GHz	4	20.728188
expt_seq	1000000	1.8GHz	4	20.336981
expt_seq	1000000	1.8GHz	5	14.203453
expt_seq	1000000	1.8GHz	5	13.695507
expt_seq	1000000	1.8GHz	5	14.04803
expt_seq	1000000	1.8GHz	5	13.851788
expt_seq	1000000	1.8GHz	5	13.875485
expt_seq	1000000	1.8GHz	6	10.667856
expt_seq	1000000	1.8GHz	6	10.973114
expt_seq	1000000	1.8GHz	6	10.734659
expt_seq	1000000	1.8GHz	6	10.756178
expt_seq	1000000	1.8GHz	6	10.926847
expt_seq	1000000	1.8GHz	7	9.021656
expt_seq	1000000	1.8GHz	7	9.311326
expt_seq	1000000	1.8GHz	7	9.204869
expt_seq	1000000	1.8GHz	7	9.044321
expt_seq	1000000	1.8GHz	7	9.1915
expt_seq	1000000	1.8GHz	8	9.251366
expt_seq	1000000	1.8GHz	8	9.333499
expt_seq	1000000	1.8GHz	8	9.362132
expt_seq	1000000	1.8GHz	8	8.910501
expt_seq	1000000	1.8GHz	8	9.092493
random_seq	10	1.6GHz	1	0.037265
random_seq	10	1.6GHz	1	0.036669
random_seq	10	1.6GHz	1	0.037429
random_seq	10	1.6GHz	1	0.037348
random_seq	10	1.6GHz	1	0.037125
random_seq	10	1.6GHz	2	0.019341
random_seq	10	1.6GHz	2	0.019338
random_seq	10	1.6GHz	2	0.02098
random_seq	10	1.6GHz	2	0.021588
random_seq	10	1.6GHz	2	0.019444
random_seq	10	1.6GHz	3	0.019549
random_seq	10	1.6GHz	3	0.019449
random_seq	10	1.6GHz	3	0.019494
random_seq	10	1.6GHz	3	0.019452
random_seq	10	1.6GHz	3	0.019932
random_seq	10	1.6GHz	4	0.019432
random_seq	10	1.6GHz	4	0.019608
random_seq	10	1.6GHz	4	0.019264
random_seq	10	1.6GHz	4	0.025227
random_seq	10	1.6GHz	4	0.019427
random_seq	10	1.6GHz	5	0.011822
random_seq	10	1.6GHz	5	0.019209
random_seq	10	1.6GHz	5	0.019138
random_seq	10	1.6GHz	5	0.012679
random_seq	10	1.6GHz	5	0.019018
random_seq	10	1.6GHz	6	0.011737
random_seq	10	1.6GHz	6	0.012525
random_seq	10	1.6GHz	6	0.010045
random_seq	10	1.6GHz	6	0.011387
random_seq	10	1.6GHz	6	0.01117
random_seq	10	1.6GHz	7	0.011125
random_seq	10	1.6GHz	7	0.011115
random_seq	10	1.6GHz	7	0.011015
random_seq	10	1.6GHz	7	0.011095
random_seq	10	1.6GHz	7	0.010327
random_seq	10	1.6GHz	8	0.010239
random_seq	10	1.6GHz	8	0.010962
random_seq	10	1.6GHz	8	0.011408
random_seq	10	1.6GHz	8	0.01006
random_seq	10	1.6GHz	8	0.011448
random_seq	10	1.8GHz	1	0.037208
random_seq	10	1.8GHz	1	0.03725
random_seq	10	1.8GHz	1	0.03509
random_seq	10	1.8GHz	1	0.037235
random_seq	10	1.8GHz	1	0.037376
random_seq	10	1.8GHz	2	0.019629
random_seq	10	1.8GHz	2	0.019365
random_seq	10	1.8GHz	2	0.024104
random_seq	10	1.8GHz	2	0.019558
random_seq	10	1.8GHz	2	0.019535
random_seq	10	1.8GHz	3	0.019529
random_seq	10	1.8GHz	3	0.019341
random_seq	10	1.8GHz	3	0.019348
random_seq	10	1.8GHz	3	0.019525
random_seq	10	1.8GHz	3	0.019569
random_seq	10	1.8GHz	4	0.019403
random_seq	10	1.8GHz	4	0.019385
random_seq	10	1.8GHz	4	0.021036
random_seq	10	1.8GHz	4	0.019369
random_seq	10	1.8GHz	4	0.022006
random_seq	10	1.8GHz	5	0.019014
random_seq	10	1.8GHz	5	0.019209
random_seq	10	1.8GHz	5	0.019169
random_seq	10	1.8GHz	5	0.019069
random_seq	10	1.8GHz	5	0.019067
random_seq	10	1.8GHz	6	0.012861
random_seq	10	1.8GHz	6	0.011058
random_seq	10	1.8GHz	6	0.011104
random_seq	10	1.8GHz	6	0.010946
random_seq	10	1.8GHz	6	0.011968
random_seq	10	1.8GHz	7	0.009799
random_seq	10	1.8GHz	7	0.010202
random_seq	10	1.8GHz	7	0.011496
random_seq	10	1.8GHz	7	0.010423
random_seq	10	1.8GHz	7	0.011335
random_seq	10	1.8GHz	8	0.01
random_seq	10	1.8GHz	8	0.011019
random_seq	10	1.8GHz	8	0.010021
random_seq	10	1.8GHz	8	0.009981
random_seq	10	1.8GHz	8	0.010997
random_seq	100	1.6GHz	1	0.042972
random_seq	100	1.6GHz	1	0.043055
random_seq	100	1.6GHz	1	0.042968
random_seq	100	1.6GHz	1	0.043099
random_seq	100	1.6GHz	1	0.042986
random_seq	100	1.6GHz	2	0.024526
random_seq	100	1.6GHz	2	0.024473
random_seq	100	1.6GHz	2	0.023294
random_seq	100	1.6GHz	2	0.02317
random_seq	100	1.6GHz	2	0.023132
random_seq	100	1.6GHz	3	0.027226
random_seq	100	1.6GHz	3	0.022494
random_seq	100	1.6GHz	3	0.027637
random_seq	100	1.6GHz	3	0.022772
random_seq	100	1.6GHz	3	0.023693
random_seq	100	1.6GHz	4	0.022818
random_seq	100	1.6GHz	4	0.026041
random_seq	100	1.6GHz	4	0.021815
random_seq	100	1.6GHz	4	0.021894
random_seq	100	1.6GHz	4	0.022448
random_seq	100	1.6GHz	5	0.02494
random_seq	100	1.6GHz	5	0.021115
random_seq	100	1.6GHz	5	0.021394
random_seq	100	1.6GHz	5	0.020553
random_seq	100	1.6GHz	5	0.02222
random_seq	100	1.6GHz	6	0.014714
random_seq	100	1.6GHz	6	0.013868
random_seq	100	1.6GHz	6	0.013304
random_seq	100	1.6GHz	6	0.014598
random_seq	100	1.6GHz	6	0.01447
random_seq	100	1.6GHz	7	0.015788
random_seq	100	1.6GHz	7	0.01852
random_seq	100	1.6GHz	7	0.014348
random_seq	100	1.6GHz	7	0.013593
random_seq	100	1.6GHz	7	0.012904
random_seq	100	1.6GHz	8	0.013096
random_seq	100	1.6GHz	8	0.01416
random_seq	100	1.6GHz	8	0.013929
random_seq	100	1.6GHz	8	0.014286
random_seq	100	1.6GHz	8	0.014063
random_seq	100	1.8GHz	1	0.042987
random_seq	100	1.8GHz	1	0.04326
random_seq	100	1.8GHz	1	0.041042
random_seq	100	1.8GHz	1	0.04319
random_seq	100	1.8GHz	1	0.043181
random_seq	100	1.8GHz	2	0.022702
random_seq	100	1.8GHz	2	0.02302
random_seq	100	1.8GHz	2	0.02545
random_seq	100	1.8GHz	2	0.024845
random_seq	100	1.8GHz	2	0.024963
random_seq	100	1.8GHz	3	0.022422
random_seq	100	1.8GHz	3	0.02299
random_seq	100	1.8GHz	3	0.022446
random_seq	100	1.8GHz	3	0.022647
random_seq	100	1.8GHz	3	0.022916
random_seq	100	1.8GHz	4	0.021904
random_seq	100	1.8GHz	4	0.021841
random_seq	100	1.8GHz	4	0.022004
random_seq	100	1.8GHz	4	0.021908
random_seq	100	1.8GHz	4	0.022017
random_seq	100	1.8GHz	5	0.021166
random_seq	100	1.8GHz	5	0.021173
random_seq	100	1.8GHz	5	0.02203
random_seq	100	1.8GHz	5	0.012809
random_seq	100	1.8GHz	5	0.022167
random_seq	100	1.8GHz	6	0.013381
random_seq	100	1.8GHz	6	0.014116
random_seq	100	1.8GHz	6	0.013796
random_seq	100	1.8GHz	6	0.012551
random_seq	100	1.8GHz	6	0.016439
random_seq	100	1.8GHz	7	0.014018
random_seq	100	1.8GHz	7	0.014719
random_seq	100	1.8GHz	7	0.012562
random_seq	100	1.8GHz	7	0.014096
random_seq	100	1.8GHz	7	0.013994
random_seq	100	1.8GHz	8	0.015071
random_seq	100	1.8GHz	8	0.014323
random_seq	100	1.8GHz	8	0.013831
random_seq	100	1.8GHz	8	0.012329
random_seq	100	1.8GHz	8	0.016656
random_seq	1000	1.6GHz	1	0.108103
random_seq	1000	1.6GHz	1	0.108111
random_seq	1000	1.6GHz	1	0.108032
random_seq	1000	1.6GHz	1	0.1084
random_seq	1000	1.6GHz	1	0.109085
random_seq	1000	1.6GHz	2	0.058256
random_seq	1000	1.6GHz	2	0.061342
random_seq	1000	1.6GHz	2	0.05817
random_seq	1000	1.6GHz	2	0.061933
random_seq	1000	1.6GHz	2	0.05893
random_seq	1000	1.6GHz	3	0.058604
random_seq	1000	1.6GHz	3	0.057616
random_seq	1000	1.6GHz	3	0.055324
random_seq	1000	1.6GHz	3	0.051834
random_seq	1000	1.6GHz	3	0.053771
random_seq	1000	1.6GHz	4	0.042142
random_seq	1000	1.6GHz	4	0.041482
random_seq	1000	1.6GHz	4	0.04072
random_seq	1000	1.6GHz	4	0.042776
random_seq	1000	1.6GHz	4	0.041352
random_seq	1000	1.6GHz	5	0.037308
random_seq	1000	1.6GHz	5	0.037776
random_seq	1000	1.6GHz	5	0.03786
random_seq	1000	1.6GHz	5	0.037753
random_seq	1000	1.6GHz	5	0.036637
random_seq	1000	1.6GHz	6	0.030021
random_seq	1000	1.6GHz	6	0.031558
random_seq	1000	1.6GHz	6	0.03247
random_seq	1000	1.6GHz	6	0.031464
random_seq	1000	1.6GHz	6	0.030288
random_seq	1000	1.6GHz	7	0.029398
random_seq	1000	1.6GHz	7	0.029833
random_seq	1000	1.6GHz	7	0.031591
random_seq	1000	1.6GHz	7	0.031774
random_seq	1000	1.6GHz	7	0.027292
random_seq	1000	1.6GHz	8	0.034063
random_seq	1000	1.6GHz	8	0.036115
random_seq	1000	1.6GHz	8	0.037454
random_seq	1000	1.6GHz	8	0.036775
random_seq	1000	1.6GHz	8	0.043068
random_seq	1000	1.8GHz	1	0.108052
random_seq	1000	1.8GHz	1	0.108112
random_seq	1000	1.8GHz	1	0.108518
random_seq	1000	1.8GHz	1	0.1084
random_seq	1000	1.8GHz	1	0.108269
random_seq	1000	1.8GHz	2	0.061295
random_seq	1000	1.8GHz	2	0.061261
random_seq	1000	1.8GHz	2	0.058141
random_seq	1000	1.8GHz	2	0.058027
random_seq	1000	1.8GHz	2	0.060655
random_seq	1000	1.8GHz	3	0.048352
random_seq	1000	1.8GHz	3	0.048322
random_seq	1000	1.8GHz	3	0.048442
random_seq	1000	1.8GHz	3	0.046894
random_seq	1000	1.8GHz	3	0.055708
random_seq	1000	1.8GHz	4	0.040662
random_seq	1000	1.8GHz	4	0.04557
random_seq	1000	1.8GHz	4	0.041503
random_seq	1000	1.8GHz	4	0.042547
random_seq	1000	1.8GHz	4	0.043134
random_seq	1000	1.8GHz	5	0.037567
random_seq	1000	1.8GHz	5	0.036305
random_seq	1000	1.8GHz	5	0.038386
random_seq	1000	1.8GHz	5	0.035082
random_seq	1000	1.8GHz	5	0.038274
random_seq	1000	1.8GHz	6	0.031108
random_seq	1000	1.8GHz	6	0.030877
random_seq	1000	1.8GHz	6	0.034517
random_seq	1000	1.8GHz	6	0.031815
random_seq	1000	1.8GHz	6	0.031147
random_seq	1000	1.8GHz	7	0.031736
random_seq	1000	1.8GHz	7	0.031491
random_seq	1000	1.8GHz	7	0.029791
random_seq	1000	1.8GHz	7	0.03229
random_seq	1000	1.8GHz	7	0.027045
random_seq	1000	1.8GHz	8	0.035564
random_seq	1000	1.8GHz	8	0.033693
random_seq	1000	1.8GHz	8	0.033624
random_seq	1000	1.8GHz	8	0.033865
random_seq	1000	1.8GHz	8	0.036818
random_seq	10000	1.6GHz	1	0.886916
random_seq	10000	1.6GHz	1	0.885434
random_seq	10000	1.6GHz	1	0.882686
random_seq	10000	1.6GHz	1	0.8835
random_seq	10000	1.6GHz	1	0.884418
random_seq	10000	1.6GHz	2	0.475286
random_seq	10000	1.6GHz	2	0.459325
random_seq	10000	1.6GHz	2	0.469011
random_seq	10000	1.6GHz	2	0.472071
random_seq	10000	1.6GHz	2	0.456729
random_seq	10000	1.6GHz	3	0.319395
random_seq	10000	1.6GHz	3	0.320997
random_seq	10000	1.6GHz	3	0.31963
random_seq	10000	1.6GHz	3	0.317291
random_seq	10000	1.6GHz	3	0.318462
random_seq	10000	1.6GHz	4	0.264064
random_seq	10000	1.6GHz	4	0.254157
random_seq	10000	1.6GHz	4	0.262132
random_seq	10000	1.6GHz	4	0.25885
random_seq	10000	1.6GHz	4	0.257157
random_seq	10000	1.6GHz	5	0.189501
random_seq	10000	1.6GHz	5	0.195145
random_seq	10000	1.6GHz	5	0.18902
random_seq	10000	1.6GHz	5	0.187227
random_seq	10000	1.6GHz	5	0.193049
random_seq	10000	1.6GHz	6	0.163911
random_seq	10000	1.6GHz	6	0.165497
random_seq	10000	1.6GHz	6	0.15374
random_seq	10000	1.6GHz	6	0.170265
random_seq	10000	1.6GHz	6	0.180374
random_seq	10000	1.6GHz	7	0.159867
random_seq	10000	1.6GHz	7	0.17284
random_seq	10000	1.6GHz	7	0.163205
random_seq	10000	1.6GHz	7	0.200162
random_seq	10000	1.6GHz	7	0.143367
random_seq	10000	1.6GHz	8	0.212962
random_seq	10000	1.6GHz	8	0.182618
random_seq	10000	1.6GHz	8	0.210276
random_seq	10000	1.6GHz	8	0.19388
random_seq	10000	1.6GHz	8	0.192144
random_seq	10000	1.8GHz	1	0.882934
random_seq	10000	1.8GHz	1	0.885596
random_seq	10000	1.8GHz	1	0.887454
random_seq	10000	1.8GHz	1	0.883846
random_seq	10000	1.8GHz	1	0.881909
random_seq	10000	1.8GHz	2	0.472976
random_seq	10000	1.8GHz	2	0.476381
random_seq	10000	1.8GHz	2	0.472064
random_seq	10000	1.8GHz	2	0.455027
random_seq	10000	1.8GHz	2	0.470897
random_seq	10000	1.8GHz	3	0.31643
random_seq	10000	1.8GHz	3	0.327421
random_seq	10000	1.8GHz	3	0.318387
random_seq	10000	1.8GHz	3	0.32089
random_seq	10000	1.8GHz	3	0.31754
random_seq	10000	1.8GHz	4	0.261257
random_seq	10000	1.8GHz	4	0.254637
random_seq	10000	1.8GHz	4	0.254388
random_seq	10000	1.8GHz	4	0.256448
random_seq	10000	1.8GHz	4	0.256116
random_seq	10000	1.8GHz	5	0.198755
random_seq	10000	1.8GHz	5	0.204014
random_seq	10000	1.8GHz	5	0.201713
random_seq	10000	1.8GHz	5	0.199194
random_seq	10000	1.8GHz	5	0.196006
random_seq	10000	1.8GHz	6	0.182425
random_seq	10000	1.8GHz	6	0.157715
random_seq	10000	1.8GHz	6	0.155156
random_seq	10000	1.8GHz	6	0.168853
random_seq	10000	1.8GHz	6	0.164816
random_seq	10000	1.8GHz	7	0.21434
random_seq	10000	1.8GHz	7	0.16726
random_seq	10000	1.8GHz	7	0.165959
random_seq	10000	1.8GHz	7	0.145515
random_seq	10000	1.8GHz	7	0.161086
random_seq	10000	1.8GHz	8	0.21349
random_seq	10000	1.8GHz	8	0.201944
random_seq	10000	1.8GHz	8	0.207677
random_seq	10000	1.8GHz	8	0.220698
random_seq	10000	1.8GHz	8	0.198294
random_seq	100000	1.6GHz	1	9.350558
random_seq	100000	1.6GHz	1	9.349998
random_seq	100000	1.6GHz	1	9.381856
random_seq	100000	1.6GHz	1	9.349552
random_seq	100000	1.6GHz	1	9.343156
random_seq	100000	1.6GHz	2	5.087507
random_seq	100000	1.6GHz	2	5.10203
random_seq	100000	1.6GHz	2	5.063083
random_seq	100000	1.6GHz	2	5.095509
random_seq	100000	1.6GHz	2	5.070264
random_seq	100000	1.6GHz	3	3.583767
random_seq	100000	1.6GHz	3	3.566266
random_seq	100000	1.6GHz	3	3.609141
random_seq	100000	1.6GHz	3	3.572389
random_seq	100000	1.6GHz	3	3.58781
random_seq	100000	1.6GHz	4	2.831529
random_seq	100000	1.6GHz	4	2.823468
random_seq	100000	1.6GHz	4	2.840991
random_seq	100000	1.6GHz	4	2.840737
random_seq	100000	1.6GHz	4	2.825147
random_seq	100000	1.6GHz	5	1.932019
random_seq	100000	1.6GHz	5	1.92903
random_seq	100000	1.6GHz	5	2.066404
random_seq	100000	1.6GHz	5	1.943105
random_seq	100000	1.6GHz	5	2.083805
random_seq	100000	1.6GHz	6	1.564111
random_seq	100000	1.6GHz	6	1.533589
random_seq	100000	1.6GHz	6	1.576098
random_seq	100000	1.6GHz	6	1.504393
random_seq	100000	1.6GHz	6	1.552849
random_seq	100000	1.6GHz	7	1.434523
random_seq	100000	1.6GHz	7	1.317657
random_seq	100000	1.6GHz	7	1.383393
random_seq	100000	1.6GHz	7	1.368718
random_seq	100000	1.6GHz	7	1.387173
random_seq	100000	1.6GHz	8	1.59237
random_seq	100000	1.6GHz	8	1.418909
random_seq	100000	1.6GHz	8	1.435617
random_seq	100000	1.6GHz	8	1.374028
random_seq	100000	1.6GHz	8	1.431077
random_seq	100000	1.8GHz	1	9.325691
random_seq	100000	1.8GHz	1	9.373254
random_seq	100000	1.8GHz	1	9.345588
random_seq	100000	1.8GHz	1	9.322544
random_seq	100000	1.8GHz	1	9.354187
random_seq	100000	1.8GHz	2	5.046558
random_seq	100000	1.8GHz	2	5.045314
random_seq	100000	1.8GHz	2	5.086435
random_seq	100000	1.8GHz	2	5.044303
random_seq	100000	1.8GHz	2	5.06251
random_seq	100000	1.8GHz	3	3.60105
random_seq	100000	1.8GHz	3	3.552846
random_seq	100000	1.8GHz	3	3.595608
random_seq	100000	1.8GHz	3	3.586572
random_seq	100000	1.8GHz	3	3.603062
random_seq	100000	1.8GHz	4	2.840159
random_seq	100000	1.8GHz	4	2.833358
random_seq	100000	1.8GHz	4	2.809612
random_seq	100000	1.8GHz	4	2.803568
random_seq	100000	1.8GHz	4	2.832701
random_seq	100000	1.8GHz	5	2.081179
random_seq	100000	1.8GHz	5	1.929841
random_seq	100000	1.8GHz	5	2.093427
random_seq	100000	1.8GHz	5	1.943358
random_seq	100000	1.8GHz	5	1.940665
random_seq	100000	1.8GHz	6	1.538021
random_seq	100000	1.8GHz	6	1.549747
random_seq	100000	1.8GHz	6	1.558053
random_seq	100000	1.8GHz	6	1.574906
random_seq	100000	1.8GHz	6	1.550954
random_seq	100000	1.8GHz	7	1.368849
random_seq	100000	1.8GHz	7	1.351763
random_seq	100000	1.8GHz	7	1.330335
random_seq	100000	1.8GHz	7	1.411185
random_seq	100000	1.8GHz	7	1.348906
random_seq	100000	1.8GHz	8	1.483884
random_seq	100000	1.8GHz	8	1.399067
random_seq	100000	1.8GHz	8	1.464189
random_seq	100000	1.8GHz	8	1.458645
random_seq	100000	1.8GHz	8	1.467223
random_seq	1000000	1.6GHz	1	99.161489
random_seq	1000000	1.6GHz	1	100.174911
random_seq	1000000	1.6GHz	1	99.869632
random_seq	1000000	1.6GHz	1	101.480228
random_seq	1000000	1.6GHz	1	99.235571
random_seq	1000000	1.6GHz	2	53.937722
random_seq	1000000	1.6GHz	2	53.82482
random_seq	1000000	1.6GHz	2	53.790512
random_seq	1000000	1.6GHz	2	53.79239
random_seq	1000000	1.6GHz	2	53.780098
random_seq	1000000	1.6GHz	3	37.76804
random_seq	1000000	1.6GHz	3	37.632279
random_seq	1000000	1.6GHz	3	37.730159
random_seq	1000000	1.6GHz	3	38.182156
random_seq	1000000	1.6GHz	3	38.085459
random_seq	1000000	1.6GHz	4	30.19341
random_seq	1000000	1.6GHz	4	29.755626
random_seq	1000000	1.6GHz	4	29.810718
random_seq	1000000	1.6GHz	4	29.766877
random_seq	1000000	1.6GHz	4	29.972941
random_seq	1000000	1.6GHz	5	20.387007
random_seq	1000000	1.6GHz	5	20.149625
random_seq	1000000	1.6GHz	5	21.291227
random_seq	1000000	1.6GHz	5	20.384074
random_seq	1000000	1.6GHz	5	21.315275
random_seq	1000000	1.6GHz	6	15.931696
random_seq	1000000	1.6GHz	6	16.065658
random_seq	1000000	1.6GHz	6	15.989741
random_seq	1000000	1.6GHz	6	15.942553
random_seq	1000000	1.6GHz	6	16.072886
random_seq	1000000	1.6GHz	7	13.617177
random_seq	1000000	1.6GHz	7	13.729383
random_seq	1000000	1.6GHz	7	13.824984
random_seq	1000000	1.6GHz	7	13.760425
random_seq	1000000	1.6GHz	7	13.697419
random_seq	1000000	1.6GHz	8	13.897435
random_seq	1000000	1.6GHz	8	13.758727
random_seq	1000000	1.6GHz	8	13.770662
random_seq	1000000	1.6GHz	8	14.000747
random_seq	1000000	1.6GHz	8	13.950382
random_seq	1000000	1.8GHz	1	100.296107
random_seq	1000000	1.8GHz	1	99.443869
random_seq	1000000	1.8GHz	1	99.960085
random_seq	1000000	1.8GHz	1	100.375161
random_seq	1000000	1.8GHz	1	100.029841
random_seq	1000000	1.8GHz	2	53.146766
random_seq	1000000	1.8GHz	2	53.776904
random_seq	1000000	1.8GHz	2	53.798968
random_seq	1000000	1.8GHz	2	53.414839
random_seq	1000000	1.8GHz	2	54.304246
random_seq	1000000	1.8GHz	3	38.115251
random_seq	1000000	1.8GHz	3	37.444618
random_seq	1000000	1.8GHz	3	37.684287
random_seq	1000000	1.8GHz	3	37.609047
random_seq	1000000	1.8GHz	3	38.294552
random_seq	1000000	1.8GHz	4	29.918775
random_seq	1000000	1.8GHz	4	29.967282
random_seq	1000000	1.8GHz	4	30.156725
random_seq	1000000	1.8GHz	4	30.038296
random_seq	1000000	1.8GHz	4	29.825514
random_seq	1000000	1.8GHz	5	20.479595
random_seq	1000000	1.8GHz	5	21.606037
random_seq	1000000	1.8GHz	5	21.431107
random_seq	1000000	1.8GHz	5	19.997743
random_seq	1000000	1.8GHz	5	20.382462
random_seq	1000000	1.8GHz	6	15.999581
random_seq	1000000	1.8GHz	6	15.951579
random_seq	1000000	1.8GHz	6	16.000659
random_seq	1000000	1.8GHz	6	16.124048
random_seq	1000000	1.8GHz	6	16.321986
random_seq	1000000	1.8GHz	7	13.733764
random_seq	1000000	1.8GHz	7	13.596636
random_seq	1000000	1.8GHz	7	13.785433
random_seq	1000000	1.8GHz	7	13.592351
random_seq	1000000	1.8GHz	7	13.684746
random_seq	1000000	1.8GHz	8	13.96487
random_seq	1000000	1.8GHz	8	13.822252
random_seq	1000000	1.8GHz	8	14.06257
random_seq	1000000	1.8GHz	8	13.907972
random_seq	1000000	1.8GHz	8	13.980393
